"Modelo","Familia","Variante","ID_Interno","Mean_Rank","Median_Rank","SD_Rank","Min_Rank","Max_Rank","Freq_Top5","Freq_Top10"
"NorESM2-MM.r1i1p1f1","NorESM2-MM","r1i1p1f1","ssp585.CMIP6.NorESM2_MM.r1i1p1f1",1,1,0,1,1,9,9
"EC-Earth3-Veg.r4i1p1f1","EC-Earth3-Veg","r4i1p1f1","ssp585.CMIP6.EC_Earth3_Veg.r4i1p1f1",2.22,2,0.44,2,3,9,9
"UKESM1-0-LL.r1i1p1f2","UKESM1-0-LL","r1i1p1f2","ssp585.CMIP6.UKESM1_0_LL.r1i1p1f2",5.28,3.5,3.15,2,11,5,8
"MPI-ESM1-2-LR.r5i1p1f1","MPI-ESM1-2-LR","r5i1p1f1","ssp585.CMIP6.MPI_ESM1_2_LR.r5i1p1f1",6.11,6,2.2,3,11,4,8
"UKESM1-0-LL.r8i1p1f2","UKESM1-0-LL","r8i1p1f2","ssp585.CMIP6.UKESM1_0_LL.r8i1p1f2",6.5,5,3.14,3.5,12,5,7
"UKESM1-0-LL.r2i1p1f2","UKESM1-0-LL","r2i1p1f2","ssp585.CMIP6.UKESM1_0_LL.r2i1p1f2",6.67,7,2.35,4,10,4,9
"MPI-ESM1-2-LR.r1i1p1f1","MPI-ESM1-2-LR","r1i1p1f1","ssp585.CMIP6.MPI_ESM1_2_LR.r1i1p1f1",6.89,6,3.72,3,15,4,8
"EC-Earth3-Veg-LR.r1i1p1f1","EC-Earth3-Veg-LR","r1i1p1f1","ssp585.CMIP6.EC_Earth3_Veg_LR.r1i1p1f1",9.89,8,5.21,4,19,2,5
"MPI-ESM1-2-LR.r9i1p1f1","MPI-ESM1-2-LR","r9i1p1f1","ssp585.CMIP6.MPI_ESM1_2_LR.r9i1p1f1",10.11,9,2.57,6,14,0,5
"MPI-ESM1-2-HR.r1i1p1f1","MPI-ESM1-2-HR","r1i1p1f1","ssp585.CMIP6.MPI_ESM1_2_HR.r1i1p1f1",10.5,10,7.45,2,26,3,5
"MPI-ESM1-2-LR.r2i1p1f1","MPI-ESM1-2-LR","r2i1p1f1","ssp585.CMIP6.MPI_ESM1_2_LR.r2i1p1f1",11.44,11,3.81,6,19,0,3
"UKESM1-0-LL.r4i1p1f2","UKESM1-0-LL","r4i1p1f2","ssp585.CMIP6.UKESM1_0_LL.r4i1p1f2",11.78,12,3.49,7,18,0,4
"UKESM1-0-LL.r3i1p1f2","UKESM1-0-LL","r3i1p1f2","ssp585.CMIP6.UKESM1_0_LL.r3i1p1f2",11.89,10.5,4.9,6,21,0,4
"MPI-ESM1-2-LR.r10i1p1f1","MPI-ESM1-2-LR","r10i1p1f1","ssp585.CMIP6.MPI_ESM1_2_LR.r10i1p1f1",12.94,12.5,1.93,10,16.5,0,1
"MPI-ESM1-2-LR.r3i1p1f1","MPI-ESM1-2-LR","r3i1p1f1","ssp585.CMIP6.MPI_ESM1_2_LR.r3i1p1f1",14.89,15,3.44,9,22,0,1
"MPI-ESM1-2-LR.r8i1p1f1","MPI-ESM1-2-LR","r8i1p1f1","ssp585.CMIP6.MPI_ESM1_2_LR.r8i1p1f1",16.67,16,2.55,13,21,0,0
"TaiESM1.r1i1p1f1","TaiESM1","r1i1p1f1","ssp585.CMIP6.TaiESM1.r1i1p1f1",17.28,17,5.76,7,27.5,0,1
"MRI-ESM2-0.r1i1p1f1","MRI-ESM2-0","r1i1p1f1","ssp585.CMIP6.MRI_ESM2_0.r1i1p1f1",18,18,1.8,14,20,0,0
"MPI-ESM1-2-LR.r7i1p1f1","MPI-ESM1-2-LR","r7i1p1f1","ssp585.CMIP6.MPI_ESM1_2_LR.r7i1p1f1",19,19,1.41,17,22,0,0
"MPI-ESM1-2-LR.r6i1p1f1","MPI-ESM1-2-LR","r6i1p1f1","ssp585.CMIP6.MPI_ESM1_2_LR.r6i1p1f1",20.11,20,3.02,15,25,0,0
"IPSL-CM6A-LR.r2i1p1f1","IPSL-CM6A-LR","r2i1p1f1","ssp585.CMIP6.IPSL_CM6A_LR.r2i1p1f1",20.44,21,6.27,8,30,0,1
"IPSL-CM6A-LR.r3i1p1f1","IPSL-CM6A-LR","r3i1p1f1","ssp585.CMIP6.IPSL_CM6A_LR.r3i1p1f1",21.44,23,5.73,9,29,0,1
"MPI-ESM1-2-LR.r4i1p1f1","MPI-ESM1-2-LR","r4i1p1f1","ssp585.CMIP6.MPI_ESM1_2_LR.r4i1p1f1",22.44,22,3.22,16.5,27.5,0,0
"IPSL-CM6A-LR.r6i1p1f1","IPSL-CM6A-LR","r6i1p1f1","ssp585.CMIP6.IPSL_CM6A_LR.r6i1p1f1",23.83,25,3.1,16,26,0,0
"IPSL-CM6A-LR.r4i1p1f1","IPSL-CM6A-LR","r4i1p1f1","ssp585.CMIP6.IPSL_CM6A_LR.r4i1p1f1",24.89,25.5,5.52,12.5,32,0,0
"IPSL-CM6A-LR.r14i1p1f1","IPSL-CM6A-LR","r14i1p1f1","ssp585.CMIP6.IPSL_CM6A_LR.r14i1p1f1",26.11,27,3.82,17,31,0,0
"INM-CM4-8.r1i1p1f1","INM-CM4-8","r1i1p1f1","ssp585.CMIP6.INM_CM4_8.r1i1p1f1",26.33,27,2.92,22,29,0,0
"NorESM2-LM.r1i1p1f1","NorESM2-LM","r1i1p1f1","ssp585.CMIP6.NorESM2_LM.r1i1p1f1",26.67,27,4.3,20,31,0,0
"KACE-1-0-G.r1i1p1f1","KACE-1-0-G","r1i1p1f1","ssp585.CMIP6.KACE_1_0_G.r1i1p1f1",28.33,29,2.92,23,32,0,0
"INM-CM5-0.r1i1p1f1","INM-CM5-0","r1i1p1f1","ssp585.CMIP6.INM_CM5_0.r1i1p1f1",28.67,29,1.73,25,30,0,0
"IPSL-CM6A-LR.r1i1p1f1","IPSL-CM6A-LR","r1i1p1f1","ssp585.CMIP6.IPSL_CM6A_LR.r1i1p1f1",29.78,31,2.95,23,33,0,0
"MIROC6.r1i1p1f1","MIROC6","r1i1p1f1","ssp585.CMIP6.MIROC6.r1i1p1f1",31.56,32,2.96,24,34,0,0
"MIROC6.r2i1p1f1","MIROC6","r2i1p1f1","ssp585.CMIP6.MIROC6.r2i1p1f1",32.44,33,2.83,25,34,0,0
"FGOALS-g3.r1i1p1f1","FGOALS-g3","r1i1p1f1","ssp585.CMIP6.FGOALS_g3.r1i1p1f1",33,34,1.58,30,35,0,0
"CanESM5.r1i1p1f1","CanESM5","r1i1p1f1","ssp585.CMIP6.CanESM5.r1i1p1f1",35,35,0.5,34,36,0,0
"CanESM5.r2i1p1f1","CanESM5","r2i1p1f1","ssp585.CMIP6.CanESM5.r2i1p1f1",35.89,36,0.33,35,36,0,0
