"Modelo","Familia","Variante","ID_Interno","Rank_E0","Score_E0","Rank_E1","Score_E1","Rank_E2","Score_E2","Rank_E3","Score_E3","Rank_E4","Score_E4","Rank_E5","Score_E5","Rank_E6","Score_E6","Rank_E7","Score_E7","Rank_E8","Score_E8"
"CanESM5.r1i1p1f1","CanESM5","r1i1p1f1","ssp585.CMIP6.CanESM5.r1i1p1f1",35,1211,35,1849,35,1784,35,1131,35,1709,35,1752,35,2529,36,1276,34,1146
"CanESM5.r2i1p1f1","CanESM5","r2i1p1f1","ssp585.CMIP6.CanESM5.r2i1p1f1",36,1225,36,1853,36,1822,36,1146,36,1742,36,1757,36,2603,35,1256,36,1194
"EC-Earth3-Veg.r4i1p1f1","EC-Earth3-Veg","r4i1p1f1","ssp585.CMIP6.EC_Earth3_Veg.r4i1p1f1",2,396,2,590,2,598,3,458,2,536,2,642,2,808,2,388,3,404
"EC-Earth3-Veg-LR.r1i1p1f1","EC-Earth3-Veg-LR","r1i1p1f1","ssp585.CMIP6.EC_Earth3_Veg_LR.r1i1p1f1",8,582,6,823,11,923,17,686,4,782,11,916,8,1244,5,482,19,682
"FGOALS-g3.r1i1p1f1","FGOALS-g3","r1i1p1f1","ssp585.CMIP6.FGOALS_g3.r1i1p1f1",34,1034,32,1481,34,1621,34,1062,32,1456,32,1555,34,2327,30,894,35,1174
"INM-CM4-8.r1i1p1f1","INM-CM4-8","r1i1p1f1","ssp585.CMIP6.INM_CM4_8.r1i1p1f1",28,874,27,1271,29,1351,22,811,29,1239,22,1166,29,1913,24,794,27,954
"INM-CM5-0.r1i1p1f1","INM-CM5-0","r1i1p1f1","ssp585.CMIP6.INM_CM5_0.r1i1p1f1",30,915,29,1350,30,1395,25,872,30,1258,27,1274,30,1914,29,870,28,960
"IPSL-CM6A-LR.r14i1p1f1","IPSL-CM6A-LR","r14i1p1f1","ssp585.CMIP6.IPSL_CM6A_LR.r14i1p1f1",26,840,25,1181,27,1339,28,922,26,1164,28,1295,27,1829,17,682,31,998
"IPSL-CM6A-LR.r1i1p1f1","IPSL-CM6A-LR","r1i1p1f1","ssp585.CMIP6.IPSL_CM6A_LR.r1i1p1f1",31,918,28,1312,32,1442,30,948,31,1268,29,1373,31,1995,23,788,33,1048
"IPSL-CM6A-LR.r2i1p1f1","IPSL-CM6A-LR","r2i1p1f1","ssp585.CMIP6.IPSL_CM6A_LR.r2i1p1f1",21,747,14,1005,23,1236,23,816,21,1040,20,1118,24,1706,8,516,30,978
"IPSL-CM6A-LR.r3i1p1f1","IPSL-CM6A-LR","r3i1p1f1","ssp585.CMIP6.IPSL_CM6A_LR.r3i1p1f1",22,765,16,1049,24,1246,24,851,23,1057,23,1176,23,1705,9,568,29,962
"IPSL-CM6A-LR.r4i1p1f1","IPSL-CM6A-LR","r4i1p1f1","ssp585.CMIP6.IPSL_CM6A_LR.r4i1p1f1",25,825,21,1130,28,1345,27,915,25,1135,25.5,1265,28,1830,12.5,610,32,1040
"IPSL-CM6A-LR.r6i1p1f1","IPSL-CM6A-LR","r6i1p1f1","ssp585.CMIP6.IPSL_CM6A_LR.r6i1p1f1",24,796,23,1135,25,1253,26,873,24,1095,25.5,1265,25,1712,16,678,26,914
"KACE-1-0-G.r1i1p1f1","KACE-1-0-G","r1i1p1f1","ssp585.CMIP6.KACE_1_0_G.r1i1p1f1",29,891,31,1415,26,1258,29,927,28,1217,31,1493,26,1722,32,1048,23,734
"MIROC6.r1i1p1f1","MIROC6","r1i1p1f1","ssp585.CMIP6.MIROC6.r1i1p1f1",32,1015,33,1613,31,1432,32,972,33,1506,33,1562,32,2146,34,1196,24,834
"MIROC6.r2i1p1f1","MIROC6","r2i1p1f1","ssp585.CMIP6.MIROC6.r2i1p1f1",33,1021,34,1615,33,1448,33,977,34,1523,34,1565,33,2182,33,1188,25,854
"MPI-ESM1-2-HR.r1i1p1f1","MPI-ESM1-2-HR","r1i1p1f1","ssp585.CMIP6.MPI_ESM1_2_HR.r1i1p1f1",10.5,615,15,1035,4,810,10,587,10,835,14,994,3,1077,26,840,2,390
"MPI-ESM1-2-LR.r10i1p1f1","MPI-ESM1-2-LR","r10i1p1f1","ssp585.CMIP6.MPI_ESM1_2_LR.r10i1p1f1",14,638,12,943,15,971,12,621,12.5,871,10,893,12,1306,12.5,610,16.5,666
"MPI-ESM1-2-LR.r1i1p1f1","MPI-ESM1-2-LR","r1i1p1f1","ssp585.CMIP6.MPI_ESM1_2_LR.r1i1p1f1",7,564,9,899,3,793,6,544,5,786,9,859,4,1087,15,670,4,458
"MPI-ESM1-2-LR.r2i1p1f1","MPI-ESM1-2-LR","r2i1p1f1","ssp585.CMIP6.MPI_ESM1_2_LR.r2i1p1f1",13,633,13,1002,10,897,11,618,11,868,13,985,7,1229,19,738,6,528
"MPI-ESM1-2-LR.r3i1p1f1","MPI-ESM1-2-LR","r3i1p1f1","ssp585.CMIP6.MPI_ESM1_2_LR.r3i1p1f1",15,677,17,1063,14,968,14,654,15,934,15,1018,13,1328,22,772,9,582
"MPI-ESM1-2-LR.r4i1p1f1","MPI-ESM1-2-LR","r4i1p1f1","ssp585.CMIP6.MPI_ESM1_2_LR.r4i1p1f1",23,766,26,1199,21,1099,21,773,22,1051,24,1201,21,1494,27.5,866,16.5,666
"MPI-ESM1-2-LR.r5i1p1f1","MPI-ESM1-2-LR","r5i1p1f1","ssp585.CMIP6.MPI_ESM1_2_LR.r5i1p1f1",6,552,7,843,5,813,7,550,3,752,6,829,5,1097,11,582,5,522
"MPI-ESM1-2-LR.r6i1p1f1","MPI-ESM1-2-LR","r6i1p1f1","ssp585.CMIP6.MPI_ESM1_2_LR.r6i1p1f1",20,738,24,1150,19,1064,20,760,19,1006,21,1160,18,1440,25,824,15,652
"MPI-ESM1-2-LR.r7i1p1f1","MPI-ESM1-2-LR","r7i1p1f1","ssp585.CMIP6.MPI_ESM1_2_LR.r7i1p1f1",19,718,19,1071,20,1083,19,716,17,990,18,1059,19,1473,18,706,22,730
"MPI-ESM1-2-LR.r8i1p1f1","MPI-ESM1-2-LR","r8i1p1f1","ssp585.CMIP6.MPI_ESM1_2_LR.r8i1p1f1",16,692,20,1077,17,999,16,667,16,935,17,1049,14,1340,21,770,13,614
"MPI-ESM1-2-LR.r9i1p1f1","MPI-ESM1-2-LR","r9i1p1f1","ssp585.CMIP6.MPI_ESM1_2_LR.r9i1p1f1",9,603,11,927,9,882,13,631,9,813,12,970,6,1185,14,648,8,558
"MRI-ESM2-0.r1i1p1f1","MRI-ESM2-0","r1i1p1f1","ssp585.CMIP6.MRI_ESM2_0.r1i1p1f1",17,695,18,1067,18,1018,18,710,18,996,19,1063,20,1475,20,744,14,646
"NorESM2-LM.r1i1p1f1","NorESM2-LM","r1i1p1f1","ssp585.CMIP6.NorESM2_LM.r1i1p1f1",27,859,30,1368,22,1209,31,953,27,1189,30,1434,22,1639,31,1018,20,700
"NorESM2-MM.r1i1p1f1","NorESM2-MM","r1i1p1f1","ssp585.CMIP6.NorESM2_MM.r1i1p1f1",1,265,1,367,1,428,1,299,1,347,1,417,1,572,1,204,1,326
"TaiESM1.r1i1p1f1","TaiESM1","r1i1p1f1","ssp585.CMIP6.TaiESM1.r1i1p1f1",18,700,22,1133,13,967,15,664,20,1036,16,1048,17,1426,27.5,866,7,534
"UKESM1-0-LL.r1i1p1f2","UKESM1-0-LL","r1i1p1f2","ssp585.CMIP6.UKESM1_0_LL.r1i1p1f2",3,539,3,779,6,838,2,451,7,797,3,683,9,1262,3.5,480,11,598
"UKESM1-0-LL.r2i1p1f2","UKESM1-0-LL","r2i1p1f2","ssp585.CMIP6.UKESM1_0_LL.r2i1p1f2",5,551,5,807,7,846,4,465,8,807,4,722,10,1263,7,512,10,590
"UKESM1-0-LL.r3i1p1f2","UKESM1-0-LL","r3i1p1f2","ssp585.CMIP6.UKESM1_0_LL.r3i1p1f2",10.5,615,8,867,16,978,9,567,12.5,871,8,834,16,1409,6,504,21,726
"UKESM1-0-LL.r4i1p1f2","UKESM1-0-LL","r4i1p1f2","ssp585.CMIP6.UKESM1_0_LL.r4i1p1f2",12,621,10,907,12,956,8,553,14,897,7,830,15,1407,10,572,18,670
"UKESM1-0-LL.r8i1p1f2","UKESM1-0-LL","r8i1p1f2","ssp585.CMIP6.UKESM1_0_LL.r8i1p1f2",4,544,4,784,8,848,5,490,6,788,5,738,11,1270,3.5,480,12,608
